"DESCRIPTION","DURATION IN MS","NAME","PARENT SUITE","START TIME","STATUS","STOP TIME","SUB SUITE","SUITE","TEST CLASS","TEST METHOD"
"","3019","Verify error message for invalid password","","2026-06-30","passed","2026-06-30","Negative Login Functionality","negative\loginNegative.spec.ts","",""
"","2140","Verify error message for invalid password","","2026-06-29","passed","2026-06-29","Login Functionality","login\login.spec.ts","",""
"","2904","Verify error message for invalid password","","2026-06-30","passed","2026-06-30","Login Functionality","negative\loginNegative.spec.ts","",""
"","2368","Verify error message for empty password","","2026-06-29","passed","2026-06-29","Login Functionality","login\login.spec.ts","",""
"","6717","Verify error message for empty credentials","","2026-06-30","passed","2026-06-30","Login Functionality","negative\loginNegative.spec.ts","",""
"","4097","Verify error message for invalid username","","2026-06-30","passed","2026-06-30","Negative Login Functionality","negative\loginNegative.spec.ts","",""
"","3618","Verify error message for empty username","","2026-06-30","passed","2026-06-30","Negative Login Functionality","negative\loginNegative.spec.ts","",""
"","3297","Verify error message for empty username","","2026-06-29","passed","2026-06-29","Login Functionality","login\login.spec.ts","",""
"","6746","Verify error message for invalid username","","2026-06-30","passed","2026-06-30","Login Functionality","negative\loginNegative.spec.ts","",""
"","2389","validate user is able to place order","","2026-06-30","passed","2026-06-30","","E2E\e2e.spec.ts","",""
"","10252","Verify error message for empty password","","2026-06-30","passed","2026-06-30","Login Functionality","negative\loginNegative.spec.ts","",""
"","8182","@smoke Verify successful login","","2026-06-30","passed","2026-06-30","Login Functionality","login\login.spec.ts","",""
"","9927","Verify error message for locked user","","2026-06-30","passed","2026-06-30","Negative Login Functionality","negative\loginNegative.spec.ts","",""
"","7188","Verify error message for locked user","","2026-06-30","passed","2026-06-30","Login Functionality","negative\loginNegative.spec.ts","",""
"","3514","Verify error message for empty credentials","","2026-06-29","passed","2026-06-29","Login Functionality","login\login.spec.ts","",""
"","13042","Verify error message for empty credentials","","2026-06-30","passed","2026-06-30","Negative Login Functionality","negative\loginNegative.spec.ts","",""
"","3900","Verify error message for locked user","","2026-06-29","passed","2026-06-29","Login Functionality","login\login.spec.ts","",""
"","9482","Verify error message for empty username","","2026-06-30","passed","2026-06-30","Login Functionality","negative\loginNegative.spec.ts","",""
"","12482","@regression validate user is able to place order successfully","","2026-06-30","passed","2026-06-30","","E2E\e2e.spec.ts","",""
"","4796","Verify error message for empty password","","2026-06-30","passed","2026-06-30","Negative Login Functionality","negative\loginNegative.spec.ts","",""
"","2494","Verify error message for invalid username","","2026-06-29","passed","2026-06-29","Login Functionality","login\login.spec.ts","",""
